MODEL_COD,filename_root,PRESENT
102087,10208702M200,YES
102087,1020870ECJ00,YES
104764,104764038I00,YES
104765,10476506AK00,YES
105913,10591305MZ00,YES
106830,10683003OL00,YES
106833,106833038I00,YES
107124,10712406K300,YES
107793,1077930ZI900,YES
107819,1078190S6F00,YES
108450,10845008KB00,YES
108450,1084500ZI900,YES
109207,10920706AK00,YES
109256,10925601JP00,YES
109256,10925602T200,YES
109263,10926302ZR00,YES
109263,10926303LG00,YES
109263,1092630M5C00,YES
109312,1093120GUU00,YES
109312,1093120PHW00,YES
109318,10931800T700,YES
109318,10931801ED00,YES
109726,10972605F600,YES
109726,1097260RHL00,YES
109731,1097310BSU00,YES
109731,1097310J5G00,YES
109732,109732009Q00,YES
109732,1097320B3V00,YES
109734,10973406LB00,YES
109734,1097340J5G00,YES
109734,1097340KJ100,YES
109735,10973506AK00,YES
109771,1097710IPR00,YES
109772,1097720IPR00,YES
109774,1097740IPR00,YES
109801,1098010H1600,YES
109803,1098030R2H00,YES
109804,1098040B5900,YES
109804,1098040KB700,YES
109804,1098040WR900,YES
109815,10981502RR00,YES
109816,10981602RR00,YES
109816,10981608RU00,YES
109823,10982305MO00,YES
109847,109847037N00,YES
109848,1098480C9A00,YES
109896,109896009Q00,YES
109897,10989708CQ00,YES
110029,1100290WIR00,YES
110037,1100370WIR00,YES
110051,110051035J00,YES
110051,1100510B3V00,YES
110052,11005203U500,YES
110052,1100520PJP00,YES
110139,110139035J00,YES
110139,1101390ZI900,YES
110143,110143035J00,YES
110263,1102630RZZ00,YES
110410,1104100JBW00,YES
110410,1104100OO400,YES
110410,1104100TAY00,YES
110411,1104110QGX00,YES
110411,1104110TAY00,YES
110412,1104120IPR00,YES
110412,1104120QGX00,YES
110412,1104120VDY00,YES
110413,1104130QFO00,YES
110413,1104130W0800,YES
110413,1104130W4A00,YES
110414,11041401ED00,YES
110414,110414085W00,YES
110414,1104140HT800,YES
110459,11045904C300,YES
110459,1104590KB700,YES
110465,11046506LB00,YES
110465,1104650AOZ00,YES
110465,1104650KJ100,YES
110465,1104650R8100,YES
110469,1104690KB700,YES
110469,1104690PJP00,YES
110475,11047509N400,YES
110475,1104750B3V00,YES
110475,1104750ZI900,YES
110477,110477009Q00,YES
110477,11047701ED00,YES
110477,1104770KB700,YES
110490,1104900C9A00,YES
110490,1104900KB700,YES
110490,1104900MVU00,YES
110491,1104910FIB00,YES
110491,1104910J5G00,YES
110491,1104910LKS00,YES
110491,1104910LOJ00,YES
110492,11049202M200,YES
110492,1104920DDB00,YES
110492,1104920FIB00,YES
110492,1104920LOJ00,YES
110493,1104930J5G00,YES
110493,1104930KJ100,YES
110493,1104930R8000,YES
110494,1104940B3V00,YES
110494,1104940FWM00,YES
110494,1104940IPR00,YES
110495,11049508YW00,YES
110495,1104950C9A00,YES
110495,1104950KB700,YES
110496,1104960C9A00,YES
110496,1104960ZI900,YES
110497,1104970C9A00,YES
110497,1104970FWM00,YES
110498,110498010A00,YES
110498,1104980XW000,YES
110499,1104990DLD00,YES
110499,1104990PJP00,YES
110500,1105000N9P00,YES
110500,1105000PJP00,YES
110501,11050104C300,YES
110501,1105010PJP00,YES
110502,1105020CBL00,YES
110502,1105020PJP00,YES
110503,1105030DDB00,YES
110503,1105030EYR00,YES
110503,1105030J5G00,YES
110503,1105030PEF00,YES
110504,1105040DDB00,YES
110504,1105040EYR00,YES
110504,1105040J5G00,YES
110504,1105040PEF00,YES
110513,1105130LHF00,YES
110513,1105130WR700,YES
110515,11051500MY00,YES
110515,1105150ZI900,YES
110522,1105220B3V00,YES
110522,1105220WR700,YES
110523,1105230DDB00,YES
110523,1105230J5G00,YES
110525,1105250J5G00,YES
110525,1105250PEF00,YES
110526,11052602M200,YES
110526,1105260PY300,YES
110527,110527009Q00,YES
110527,11052702M000,YES
110535,1105350LHF00,YES
110535,1105350WR700,YES
110538,110538035J00,YES
110538,1105380LHF00,YES
110539,11053901ED00,YES
110539,110539035J00,YES
110640,11064002M200,YES
110640,1106400WR700,YES
110641,11064102M200,YES
110641,1106410R8000,YES
110643,11064302M200,YES
110644,11064406LB00,YES
110644,1106440J5G00,YES
110644,1106440V8100,YES
110645,11064501ED00,YES
110645,110645035J00,YES
110646,1106460DDB00,YES
110646,1106460RHL00,YES
110648,110648035J00,YES
110648,1106480KB700,YES
110723,110723005L00,YES
110723,11072300T700,YES
110763,11076302M600,YES
110763,11076309CI00,YES
110763,1107630RHL00,YES
110763,1107630WIJ00,YES
110764,11076409CI00,YES
110764,1107640I4600,YES
110764,1107640RHL00,YES
110766,110766031Z00,YES
110766,1107660J5G00,YES
110766,1107660RHL00,YES
110781,11078106AK00,YES
110781,1107810KB700,YES
110781,1107810WR900,YES
110790,110790038I00,YES
110790,11079006NT00,YES
110790,1107900KB700,YES
110791,11079102W800,YES
110791,1107910EX400,YES
110791,1107910KB700,YES
110799,110799009Q00,YES
110799,11079904C300,YES
110799,1107990P6500,YES
110823,11082304FK00,YES
110823,1108230B5900,YES
110823,1108230EX400,YES
110826,110826031Z00,YES
110826,1108260LOJ00,YES
110826,1108260RHL00,YES
110871,11087101ED00,YES
110871,11087108CQ00,YES
110873,1108730FWM00,YES
110873,1108730ZI900,YES
110874,11087401ED00,YES
110874,1108740C9A00,YES
110875,11087501ED00,YES
110875,1108750C9A00,YES
110876,1108760GUU00,YES
110876,1108760IPR00,YES
110876,1108760PHW00,YES
110876,1108760WR700,YES
110877,1108770GUU00,YES
110877,1108770IPR00,YES
110877,1108770PHW00,YES
110877,1108770WR700,YES
110915,110915062L00,YES
110915,1109150R8000,YES
110916,1109160KB700,YES
110917,11091702M200,YES
110917,1109170DTY00,YES
110917,1109170HKT00,YES
110917,1109170R1T00,YES
110918,11091802F700,YES
110918,11091806LB00,YES
110918,1109180V8100,YES
110918,1109180VGV00,YES
110919,11091902M200,YES
110919,1109190BSC00,YES
110919,1109190DTY00,YES
110920,11092006LB00,YES
110920,1109200EYR00,YES
110920,1109200J5G00,YES
110921,11092106LB00,YES
110921,1109210BSC00,YES
110921,1109210J5G00,YES
110988,110988010A00,YES
110988,1109880KB700,YES
110988,1109880PJP00,YES
111030,111030006J00,YES
111030,1110300RHL00,YES
111030,1110300V8400,YES
111031,11103100IH00,YES
111031,1110310KU200,YES
111031,1110310RHL00,YES
111031,1110310V8100,YES
111032,111032006J00,YES
111032,111032085K00,YES
111032,1110320RHL00,YES
111033,11103302M200,YES
111033,11103305F600,YES
111033,1110330KY200,YES
111034,11103402M200,YES
111034,1110340BSU00,YES
111034,1110340KY200,YES
111035,11103502M000,YES
111035,1110350L3900,YES
111037,11103702M200,YES
111037,1110370ANS00,YES
111037,1110370DTY00,YES
111041,11104102W800,YES
111041,1110410PJP00,YES
111042,1110420ANS00,YES
111042,1110420DTY00,YES
111042,1110420J5G00,YES
111042,1110420YZ400,YES
111044,11104402OW00,YES
111044,1110440WTA00,YES
111045,111045005L00,YES
111045,11104501ED00,YES
111045,111045071C00,YES
111059,1110590NOA00,YES
111060,11106002M200,YES
111062,111062010A00,YES
111062,11106206AK00,YES
111063,11106306AK00,YES
111063,1110630ZI900,YES
111064,1110640CVT00,YES
111064,1110640LHF00,YES
111064,1110640MAP00,YES
111065,1110650LHF00,YES
111065,1110650MVU00,YES
111067,111067006J00,YES
111067,1110670OGA00,YES
111067,1110670RHL00,YES
111068,111068009Q00,YES
111068,1110680MVU00,YES
111069,1110690CVT00,YES
111069,1110690FWM00,YES
111069,1110690LHF00,YES
111070,1110700X8Q00,YES
111070,1110700ZI900,YES
111072,111072009Q00,YES
111072,1110720UAV00,YES
111073,11107303Y500,YES
111073,1110730JRI00,YES
111074,111074009Q00,YES
111074,1110740JRI00,YES
111081,1110810MVU00,YES
111081,1110810UAV00,YES
111098,1110980JRI00,YES
111098,1110980LHF00,YES
111099,11109903YG00,YES
111099,1110990DDB00,YES
111099,1110990RHL00,YES
111102,1111020LHF00,YES
111102,1111020MAP00,YES
111103,11110300B000,YES
111103,1111030JWJ00,YES
111103,1111030LHF00,YES
111104,1111040X8Q00,YES
111104,1111040ZI900,YES
111105,1111050J5G00,YES
111105,1111050RHL00,YES
111108,1111080J5G00,YES
111108,1111080RHL00,YES
111109,1111090C4B00,YES
111110,1111100ZX900,YES
111111,1111110ANS00,YES
111112,1111120ANS00,YES
111112,1111120EX400,YES
111114,1111140C9A00,YES
111114,1111140PJP00,YES
111116,111116038I00,YES
111118,1111180C9A00,YES
111118,1111180ZI900,YES
111119,111119005L00,YES
111119,111119035J00,YES
111119,1111190PJP00,YES
111122,1111220PJP00,YES
111123,1111230KU000,YES
111123,1111230R8000,YES
111166,1111660D5100,YES
111166,1111660KB700,YES
111166,1111660PJP00,YES
111167,11116701ED00,YES
111167,1111670KB700,YES
111167,1111670PJP00,YES
111168,111168005N00,YES
111168,1111680KU000,YES
111168,1111680TI700,YES
111169,1111690PJP00,YES
111169,1111690YZ400,YES
111178,111178009Q00,YES
111178,11117801ED00,YES
111178,1111780C9A00,YES
111178,1111780FWM00,YES
111219,1112190J5G00,YES
111219,1112190KJ100,YES
111219,1112190R8000,YES
111221,111221035J00,YES
111221,1112210CVT00,YES
111221,1112210PJP00,YES
111221,1112210YDC00,YES
111225,11122502M200,YES
111225,1112250J5G00,YES
111225,1112250R8000,YES
111232,11123200T700,YES
111232,1112320ZI900,YES
111233,11123308CQ00,YES
111233,1112330ZI900,YES
111240,1112400PJP00,YES
111240,1112400SVK00,YES
111241,1112410PJP00,YES
111241,1112410R8000,YES
111241,1112410SVK00,YES
111242,1112420KJ100,YES
111242,1112420R8000,YES
111243,111243005L00,YES
111243,11124302LN00,YES
111243,11124302M000,YES
111243,1112430ZI900,YES
111244,111244005L00,YES
111244,111244009Q00,YES
111244,11124402M000,YES
111244,1112440WTA00,YES
111247,11124709RQ00,YES
111247,1112470HKT00,YES
111247,1112470KY200,YES
111247,1112470R1T00,YES
111249,11124906LB00,YES
111249,1112490DDB00,YES
111249,1112490J5G00,YES
111251,11125102M200,YES
111251,11125105F600,YES
111252,11125206LB00,YES
111252,1112520J5G00,YES
111297,111297010A00,YES
111297,1112970KB700,YES
111297,1112970ZI900,YES
111298,1112980B3V00,YES
111298,1112980C9A00,YES
111299,1112990B3V00,YES
111299,1112990ZI900,YES
111300,1113000B3V00,YES
111300,1113000ZI900,YES
111301,11130101ED00,YES
111301,1113010PJP00,YES
111360,11136002M200,YES
111360,1113600DDB00,YES
111360,1113600EYR00,YES
111364,11136402M200,YES
111364,1113640DDB00,YES
111364,1113640J5G00,YES
111365,1113650D5100,YES
111365,1113650KB700,YES
111365,1113650PJP00,YES
111366,11136608RU00,YES
111366,1113660OIT00,YES
111366,1113660PJP00,YES
111369,11136907ZJ00,YES
111369,1113690PJP00,YES
111371,11137100T700,YES
111371,111371035J00,YES
111371,1113710PJP00,YES
111372,111372009Q00,YES
111372,1113720C9A00,YES
111372,1113720PJP00,YES
111382,111382009Q00,YES
111382,11138204C300,YES
111382,1113820PJP00,YES
111386,1113860DLD00,YES
111386,1113860FLL00,YES
111386,1113860RIW00,YES
111390,11139000Z300,YES
111390,1113900FLL00,YES
111390,1113900KB700,YES
111390,1113900O6W00,YES
111393,1113930DLD00,YES
111393,1113930FLL00,YES
111393,1113930KB700,YES
111393,1113930O6W00,YES
111394,1113940BLX00,YES
111394,1113940FLL00,YES
111394,1113940PGC00,YES
111398,11139804C300,YES
111398,11139808CQ00,YES
111402,111402009Q00,YES
111402,1114020PJP00,YES
111408,11140806LB00,YES
111408,1114080J5G00,YES
111408,1114080KJ100,YES
111408,1114080R8000,YES
111480,11148000T700,YES
111480,11148001ED00,YES
111480,1114800B3V00,YES
111498,11149800Z300,YES
111498,1114980FLL00,YES
111498,1114980RC200,YES
111524,1115240REJ00,YES
111640,1116400OIT00,YES
111640,1116400PJP00,YES
111640,1116400TBO00,YES
111641,11164101ED00,YES
111641,1116410KB700,YES
111642,1116420E2800,YES
111642,1116420R8000,YES
111642,1116420TI700,YES
111643,111643085K00,YES
111643,1116430RHL00,YES
111643,1116430W3J00,YES
111644,11164402M200,YES
111644,1116440J5G00,YES
111644,1116440R8000,YES
111645,1116450KB700,YES
111645,1116450PJP00,YES
111646,1116460PJP00,YES
111647,11164702M200,YES
111647,1116470REJ00,YES
111648,11164802M200,YES
111648,1116480REJ00,YES
111649,111649085K00,YES
111649,1116490LOJ00,YES
111649,1116490RHL00,YES
111650,1116500BLX00,YES
111650,1116500R8000,YES
111650,1116500R8100,YES
111651,1116510BLX00,YES
111651,1116510PJP00,YES
111651,1116510XYO00,YES
111652,11165209T900,YES
111652,1116520BLX00,YES
111652,1116520FMR00,YES
111652,1116520I4600,YES
111653,111653083W00,YES
111653,1116530BLX00,YES
111653,1116530PJP00,YES
111654,11165400UV00,YES
111654,1116540BLX00,YES
111654,1116540RTC00,YES
111655,1116550BLX00,YES
111655,1116550TI700,YES
111655,1116550V8400,YES
111656,1116560FWM00,YES
111656,1116560WR900,YES
111656,1116560ZI900,YES
111657,1116570AHF00,YES
111657,1116570EI700,YES
111657,1116570FWM00,YES
111657,1116570HKZ00,YES
111658,11165806AK00,YES
111658,1116580KB700,YES
111658,1116580WR900,YES
111659,1116590EPZ00,YES
111659,1116590FWM00,YES
111661,11166106AK00,YES
111661,1116610EX400,YES
111661,1116610FWM00,YES
111662,111662080S00,YES
111662,1116620HKZ00,YES
111663,1116630FWM00,YES
111663,1116630MVU00,YES
111663,1116630WR900,YES
111665,1116650B3V00,YES
111665,1116650CVT00,YES
111665,1116650KB700,YES
111666,1116660LHF00,YES
111666,1116660MVU00,YES
111667,11166700WM00,YES
111667,11166701ED00,YES
111668,1116680B3V00,YES
111668,1116680C9A00,YES
111671,111671084J00,YES
111671,1116710DDB00,YES
111671,1116710J5G00,YES
111671,1116710KTU00,YES
111679,1116790EX400,YES
111679,1116790KB700,YES
111679,1116790ZI900,YES
111681,1116810AGD00,YES
111681,1116810LHF00,YES
111681,1116810PJP00,YES
111682,1116820IPA00,YES
111682,1116820LHF00,YES
111682,1116820ZI900,YES
111688,11168802M200,YES
111688,1116880ANS00,YES
111688,1116880EX400,YES
111689,1116890I4600,YES
111689,1116890J5G00,YES
111690,1116900I4600,YES
111690,1116900J5G00,YES
111691,1116910ANS00,YES
111691,1116910EX400,YES
111692,1116920PJP00,YES
111693,1116930DTY00,YES
111693,1116930KB700,YES
111693,1116930PJP00,YES
111694,11169400JI00,YES
111694,1116940R8100,YES
111695,1116950R8000,YES
111695,1116950WIR00,YES
111696,11169600JI00,YES
111696,1116960BLX00,YES
111696,1116960SVK00,YES
111697,111697010A00,YES
111697,11169702M200,YES
111697,1116970KB700,YES
111698,1116980D3X00,YES
111698,1116980KB700,YES
111698,1116980PJP00,YES
111700,111700005L00,YES
111700,1117000L7Q00,YES
111700,1117000SZJ00,YES
111702,111702005L00,YES
111702,11170201ED00,YES
111702,111702035J00,YES
111706,1117060AOZ00,YES
111706,1117060CTL00,YES
111707,1117070AOZ00,YES
111707,1117070CTL00,YES
111707,1117070R8000,YES
111708,1117080AOZ00,YES
111708,1117080CTL00,YES
111708,1117080R8000,YES
111709,1117090ANS00,YES
111709,1117090I4600,YES
111709,1117090R8100,YES
111710,111710079U00,YES
111710,1117100KAC00,YES
111710,1117100KB700,YES
111711,1117110AOZ00,YES
111711,1117110KJ100,YES
111712,1117120ANS00,YES
111712,1117120FT300,YES
111712,1117120FX800,YES
111713,1117130AOZ00,YES
111713,1117130KJ100,YES
111714,1117140I4600,YES
111715,1117150AOZ00,YES
111720,11172000OX00,YES
111720,111720038I00,YES
111721,1117210R8100,YES
111721,1117210SVK00,YES
111722,1117220KB700,YES
111722,1117220PJP00,YES
111723,1117230KB700,YES
111723,1117230PJP00,YES
111724,11172407FF00,YES
111724,1117240FWM00,YES
111724,1117240LHF00,YES
111725,1117250KB700,YES
111725,1117250ZI900,YES
111726,11172601ED00,YES
111726,1117260KB700,YES
111726,1117260PJP00,YES
111727,11172701ED00,YES
111727,11172702W800,YES
111727,1117270PJP00,YES
111728,11172800OX00,YES
111728,11172802W800,YES
111728,1117280EX400,YES
111728,1117280PJP00,YES
111729,1117290KB700,YES
111729,1117290PJP00,YES
111730,11173000OX00,YES
111730,1117300KB700,YES
111730,1117300PJP00,YES
111731,11173102M200,YES
111731,1117310DDB00,YES
111732,111732038I00,YES
111732,1117320KAC00,YES
111732,1117320KB700,YES
111733,11173301ED00,YES
111733,1117330EX400,YES
111733,1117330KB700,YES
111734,11173401ED00,YES
111734,1117340AY000,YES
111735,111735035J00,YES
111735,1117350IPR00,YES
111735,1117350ZI900,YES
111738,11173801ED00,YES
111738,1117380PJP00,YES
111739,11173901ED00,YES
111739,1117390PJP00,YES
111740,1117400DDB00,YES
111740,1117400J5G00,YES
111741,11174101ED00,YES
111741,1117410F0T00,YES
111741,1117410HKZ00,YES
111741,1117410JBW00,YES
111742,1117420HKZ00,YES
111742,1117420NE600,YES
111742,1117420O6300,YES
111743,1117430DDB00,YES
111743,1117430J5G00,YES
111746,1117460QFU00,YES
111747,1117470AMC00,YES
111747,1117470R8000,YES
111747,1117470RHL00,YES
111748,1117480AOZ00,YES
111748,1117480R8100,YES
111749,1117490FLL00,YES
111749,1117490R8000,YES
111750,1117500CTL00,YES
111750,1117500R8000,YES
111751,11175100NZ00,YES
111751,1117510IGK00,YES
111752,11175201ED00,YES
111752,111752035J00,YES
111752,1117520FWM00,YES
111755,1117550C1900,YES
111755,1117550KB700,YES
111756,11175601ED00,YES
111756,1117560C1900,YES
111756,1117560FWM00,YES
111757,1117570C1900,YES
111757,1117570FWM00,YES
111758,111758080S00,YES
111758,1117580ZI900,YES
111759,11175906CR00,YES
111759,1117590FWM00,YES
111761,1117610C9A00,YES
111761,1117610ZI900,YES
111762,1117620DDB00,YES
111762,1117620J5G00,YES
111762,1117620RHL00,YES
111763,11176306K300,YES
111763,1117630DDB00,YES
111763,1117630RHL00,YES
111764,1117640LHF00,YES
111764,1117640ZI900,YES
111765,1117650LHF00,YES
111766,11176602M200,YES
111766,1117660DDB00,YES
111767,111767009Q00,YES
111767,1117670EI700,YES
111767,1117670FWM00,YES
111768,1117680EI700,YES
111768,1117680FWM00,YES
111768,1117680MVU00,YES
111769,11176901ED00,YES
111769,1117690EI700,YES
111770,111770008A00,YES
111771,11177101ED00,YES
111771,1117710KB700,YES
111772,111772009Q00,YES
111772,11177201ED00,YES
111772,1117720PJP00,YES
111773,11177302M200,YES
111773,11177306KM00,YES
111773,1117730FT300,YES
111773,1117730NLB00,YES
111774,1117740I4600,YES
111774,1117740P5I00,YES
111775,11177501ED00,YES
111775,1117750FMP00,YES
111775,1117750KAC00,YES
111775,1117750KB700,YES
111776,11177601ED00,YES
111776,1117760KAC00,YES
111776,1117760KB700,YES
111777,1117770KB700,YES
111777,1117770PJP00,YES
111778,11177802M200,YES
111778,11177806KM00,YES
111778,1117780FX800,YES
111778,1117780VQ700,YES
111779,11177901ED00,YES
111779,1117790PJP00,YES
111780,11178002M200,YES
111780,11178006C500,YES
111780,1117800FX800,YES
111780,1117800R2Z00,YES
111781,1117810KB700,YES
111781,1117810PJP00,YES
111782,1117820KB700,YES
111782,1117820PJP00,YES
111783,1117830PJP00,YES
111784,111784009Q00,YES
111784,11178401ED00,YES
111784,1117840PJP00,YES
111785,1117850FLL00,YES
111785,1117850R8100,YES
111786,1117860AMC00,YES
111786,1117860I4600,YES
111786,1117860TI700,YES
111787,1117870KB700,YES
111787,1117870PJP00,YES
111788,1117880FLL00,YES
111788,1117880R8000,YES
111789,11178908CQ00,YES
111789,1117890KB700,YES
111789,1117890PJP00,YES
111796,1117960KJ100,YES
111796,1117960R8100,YES
111801,111801009Q00,YES
111801,1118010EPZ00,YES
111801,1118010PJP00,YES
111802,11180201ED00,YES
111802,1118020LHF00,YES
111804,11180402M200,YES
111804,1118040DLD00,YES
111805,1118050FLL00,YES
111806,11180601ED00,YES
111806,1118060LHF00,YES
111806,1118060WR900,YES
111809,11180907FF00,YES
111809,1118090FWM00,YES
111810,11181001ZX00,YES
111810,1118100KB700,YES
111811,1118110DDB00,YES
111811,1118110RHL00,YES
111812,11181206K300,YES
111812,1118120BSU00,YES
111812,1118120RHL00,YES
111813,11181301ZX00,YES
111813,1118130FWM00,YES
111813,1118130PJP00,YES
111814,11181400B000,YES
111814,111814035J00,YES
111814,1118140PJP00,YES
111815,11181506K300,YES
111815,1118150DDB00,YES
111815,1118150RHL00,YES
111816,11181606AK00,YES
111816,1118160FWM00,YES
111817,111817038I00,YES
111817,11181708CQ00,YES
111840,1118400J5G00,YES
111840,1118400RHL00,YES
111840,1118400YK900,YES
111845,1118450C4B00,YES
111845,1118450ZI900,YES
111846,11184607HH00,YES
111847,11184700T700,YES
111847,1118470PJP00,YES
111848,1118480PJP00,YES
111848,1118480ZI900,YES
111893,11189307HH00,YES
111893,1118930D5100,YES
111893,1118930DQ200,YES
111893,1118930QQK00,YES
111894,11189400OX00,YES
111894,111894063M00,YES
111894,1118940AIO00,YES
111894,1118940QM400,YES
111895,11189503DV00,YES
111895,111895063M00,YES
111895,1118950F7400,YES
111895,1118950PJP00,YES
111897,111897009Q00,YES
111897,1118970J5G00,YES
111898,111898009Q00,YES
111898,11189801ED00,YES
111898,1118980PJP00,YES
111901,111901040G00,YES
111901,11190106CR00,YES
111901,1119010PJP00,YES
111903,111903009Q00,YES
111903,11190306CR00,YES
111903,1119030LHF00,YES
111904,111904009Q00,YES
111904,1119040PJP00,YES
111906,111906008M00,YES
111907,111907009Q00,YES
111907,1119070PJP00,YES
111908,1119080PJP00,YES
111909,111909009Q00,YES
111909,1119090PJP00,YES
111910,1119100HT800,YES
111912,1119120MYA00,YES
111913,1119130C9A00,YES
111913,1119130YQL00,YES
114352,1143520PJP00,YES
204936,2049360807UZ,YES
205917,2059170807UZ,YES
206625,20662508QD7F,YES
206626,206626063MW1,YES
207704,2077040FS2M9,YES
207704,2077040MNGZ0,YES
207705,2077050PRPZ0,YES
207713,2077130FLL70,YES
207718,20771804WCZ9,YES
207718,2077180WWKZ0,YES
207927,2079270GMEDG,YES
208121,208121063MM9,YES
208131,20813109KFUQ,YES
208131,2081310P6Q9O,YES
208131,2081310SDK9O,YES
208137,208137001QN4,YES
208146,2081460KB7KU,YES
208158,2081580QM4IR,YES
208167,2081670IDAQT,YES
208172,20817208JD1V,YES
208172,2081720IDAQZ,YES
208172,2081720RHLIR,YES
208172,2081720T5UQT,YES
208174,20817400869K,YES
208174,208174037NHA,YES
208174,20817408079O,YES
208175,20817500869K,YES
208175,208175037NHA,YES
208175,20817508079O,YES
208176,20817600869K,YES
208176,20817600UC9O,YES
208176,20817608079O,YES
208177,20817700869K,YES
208177,20817700UC9O,YES
208177,20817708079O,YES
208184,20818400009K,YES
208184,20818408079O,YES
208185,2081850086HA,YES
208185,208185009QYK,YES
208185,20818504C308,YES
208185,20818508079O,YES
208186,2081860086HA,YES
208186,20818608079O,YES
208186,20818608CQHA,YES
208186,2081860PJPHA,YES
208406,2084060003IR,YES
208406,20840606HTIR,YES
208406,2084060C9AIR,YES
208438,20843807RM9O,YES
208457,2084570MX1M9,YES
208459,2084590YL3SP,YES
208465,2084650807IR,YES
208465,2084650C9B70,YES
208501,2085010000JO,YES
208514,2085140086HA,YES
208514,20851408079O,YES
208514,2085140LHF9O,YES
208514,2085140WR79O,YES
208525,2085250086HA,YES
208525,20852508079O,YES
208525,2085250LHFHA,YES
208525,2085250ZI908,YES
208542,208542035JQZ,YES
208542,208542040GQT,YES
208542,2085420807IR,YES
208542,2085420PPOO7,YES
208542,2085420WR908,YES
208544,208544035JQT,YES
208544,2085440807IR,YES
208544,2085440EPZKE,YES
208544,2085440EX4KU,YES
208544,2085440KB7HO,YES
208545,20854500NRSD,YES
208545,2085450LOJ08,YES
208545,2085450PEF9K,YES
208545,2085450RHL9O,YES
208546,2085460807IR,YES
208546,20854609009K,YES
208546,2085460WR9HO,YES
208547,208547040G08,YES
208547,2085470807IR,YES
208547,2085470807KE,YES
208547,2085470EX4QT,YES
208548,208548009QSD,YES
208548,20854802M208,YES
208548,2085480807IR,YES
208548,2085480KB763,YES
208548,2085480WR9QT,YES
208549,208549001QSD,YES
208549,20854900NRHO,YES
208549,2085490LOJ9K,YES
208549,2085490RHL08,YES
208549,2085490RHLIR,YES
208552,208552040GKU,YES
208552,2085520807QT,YES
208552,2085520KB79O,YES
208552,2085520P65UR,YES
208553,208553040GQT,YES
208553,2085530807IR,YES
208553,2085530EX408,YES
208553,2085530WR9UR,YES
208555,20855500NR84,YES
208555,20855509CIO7,YES
208555,2085550HM263,YES
208555,2085550RHL0D,YES
208556,20855600NR08,YES
208556,20855609CIUR,YES
208556,2085560RHLIR,YES
208556,2085560T5U8J,YES
208557,20855708JDO7,YES
208557,2085570I465F,YES
208557,2085570RHL2K,YES
208557,2085570RHL84,YES
208557,2085570T5U0D,YES
208558,208558085K2K,YES
208558,2085580HM2A9,YES
208558,2085580I46J9,YES
208558,2085580RHL84,YES
208558,2085580T5U8J,YES
208559,20855909CI8Z,YES
208559,2085590RHL2K,YES
208559,2085590RHL63,YES
208559,2085590RHL84,YES
208563,2085630086HA,YES
208563,20856308079O,YES
208563,2085630C9AHA,YES
208564,2085640086IE,YES
208564,20856408079O,YES
208564,2085640HAM9O,YES
208564,2085640UHP9K,YES
208565,2085650086IE,YES
208565,20856508079O,YES
208565,2085650HAM08,YES
208565,2085650XJS9O,YES
208566,2085660086HA,YES
208566,20856601EDHA,YES
208566,20856608079O,YES
208567,20856700009O,YES
208567,2085670000N8,YES
208567,2085670AOZ70,YES
208568,20856800009O,YES
208568,2085680000Q4,YES
208568,2085680010IE,YES
208568,2085680AOZ70,YES
208569,20856907RMIR,YES
208569,2085690GUUHA,YES
208569,2085690IPR08,YES
208569,2085690WR79O,YES
208570,20857007RMIR,YES
208570,2085700GUUHA,YES
208570,2085700PHW9K,YES
208570,2085700WR79O,YES
208571,20857102M270,YES
208571,20857102M29O,YES
208571,208571045Z08,YES
208572,20857202M270,YES
208572,20857202M2IR,YES
208572,208572045ZKU,YES
208586,2085860003UZ,YES
208586,2085860807IR,YES
208586,2085860C9AZ0,YES
208586,2085860OITKI,YES
208586,2085860VK6IR,YES
208587,2085870003H4,YES
208587,2085870807IR,YES
208587,208587080SZ0,YES
208587,2085870KB7XT,YES
208588,2085880003H4,YES
208588,208588062LQT,YES
208588,2085880R80IR,YES
208589,2085890003UC,YES
208589,2085890807IR,YES
208589,2085890KB7XT,YES
208609,20860900869K,YES
208609,208609009Q08,YES
208609,2086090I349O,YES
208610,2086100086KU,YES
208610,208610009QKU,YES
208610,2086100I34IR,YES
208611,208611006JMT,YES
208611,2086110OGAKU,YES
208611,2086110RHLIR,YES
208612,2086120DYGHA,YES
208612,2086120GUA08,YES
208612,2086120RHL9O,YES
208612,2086120V81IR,YES
208613,20861308SOHA,YES
208613,2086130RHL9O,YES
208613,2086130V81MT,YES
208623,208623005L08,YES
208623,2086230086HA,YES
208623,20862308079O,YES
208623,2086230LHF9O,YES
208624,2086240086I4,YES
208624,20862408073X,YES
208624,2086240AB89O,YES
208624,2086240B3V3X,YES
208625,20862502M2QT,YES
208625,2086250ANSIR,YES
208625,2086250DTYKU,YES
208626,2086260086HA,YES
208626,208626035JM2,YES
208626,208626071CUM,YES
208626,20862608079O,YES
208627,2086270086HA,YES
208627,20862703H2M2,YES
208627,20862708079O,YES
208627,2086270ZI9BC,YES
208628,20862800869K,YES
208628,208628040G08,YES
208628,2086280807IR,YES
208628,2086280ZI99O,YES
208629,2086290086KU,YES
208629,20862901ED9O,YES
208629,2086290807IR,YES
208629,2086290KB708,YES
208630,208630071CHO,YES
208630,2086300807IR,YES
208630,2086300HAMHA,YES
208630,2086300JRI9O,YES
208630,2086300UAV9O,YES
208631,208631003Y70,YES
208631,20863103Y59O,YES
208631,20863108079O,YES
208631,2086310JRI9O,YES
208632,2086320086HA,YES
208632,208632009Q70,YES
208632,2086320807IR,YES
208632,2086320MVUIR,YES
208632,2086320UAV9O,YES
208633,208633003Y70,YES
208633,20863303Y59O,YES
208633,20863308079O,YES
208633,2086330LHF4S,YES
208633,2086330MVUGB,YES
208634,2086340086HA,YES
208634,20863408079O,YES
208634,2086340JRI9O,YES
208634,2086340LHF4S,YES
208634,2086340MVUGB,YES
208635,208635001QN4,YES
208635,2086350LKSIB,YES
208635,2086350RHL9O,YES
208636,208636006J9K,YES
208636,2086360NOAUQ,YES
208636,2086360RHL9O,YES
208637,208637012JHA,YES
208637,20863708079O,YES
208637,2086370LHF4S,YES
208637,2086370X8Q9O,YES
208638,2086380086HA,YES
208638,20863808079O,YES
208638,2086380FWM70,YES
208638,2086380ZI908,YES
208639,2086390807IR,YES
208639,2086390LKS08,YES
208639,2086390NOA4S,YES
208639,2086390RHLIR,YES
208640,2086400807IR,YES
208640,208640084J9O,YES
208640,2086400LKS08,YES
208640,2086400S9EUR,YES
208641,208641010A70,YES
208641,2086410807IR,YES
208641,208641080SIR,YES
208642,20864208079O,YES
208642,2086420ATKUR,YES
208642,2086420LHFHA,YES
208642,2086420MAPHA,YES
208643,20864300B0HA,YES
208643,2086430807IR,YES
208643,2086430FWM70,YES
208643,2086430JWJ9O,YES
208644,20864400869O,YES
208644,20864403Y5HA,YES
208644,20864408079O,YES
208644,2086440MAP4S,YES
208645,2086450086W7,YES
208645,2086450807KU,YES
208645,2086450MU14S,YES
208645,2086450SZJ70,YES
208646,2086460086W7,YES
208646,20864608074S,YES
208646,2086460MU14S,YES
208646,2086460MVUIR,YES
208647,208647009Q70,YES
208647,20864708079O,YES
208647,2086470GUU4S,YES
208647,2086470JRI08,YES
208647,2086470UAV9O,YES
208648,2086480000QR,YES
208648,2086480J5G9O,YES
208649,20864903H2U1,YES
208649,2086490807IR,YES
208649,2086490C9AIR,YES
208650,20865008079O,YES
208650,2086500PJP9O,YES
208651,2086510086HA,YES
208651,20865108079O,YES
208651,2086510ZI9IB,YES
208654,20865400004S,YES
208654,2086540000IR,YES
208654,2086540F2AKU,YES
208655,20865500009O,YES
208655,2086550000DG,YES
208655,2086550F2AEQ,YES
208656,208656005LHA,YES
208656,20865607899O,YES
208656,20865608079O,YES
208657,20865706CRKU,YES
208657,2086570807IR,YES
208658,2086580086HA,YES
208658,2086580807IR,YES
208658,2086580PJP9O,YES
208659,2086590086HA,YES
208659,20865908079O,YES
208659,2086590B3V9O,YES
208660,2086600807IR,YES
208660,2086600PJPIR,YES
208660,2086600R80KU,YES
208660,2086600SVKQT,YES
208662,20866201EDSP,YES
208662,2086620807M9,YES
208662,2086620B3VKL,YES
208662,2086620FWMLA,YES
208663,208663010AM9,YES
208663,2086630807M9,YES
208663,2086630LHFSP,YES
208663,2086630QFU0F,YES
208663,2086630WR9M9,YES
208664,208664009VZ7,YES
208664,2086640807M9,YES
208664,2086640LHFM9,YES
208664,2086640VK6SP,YES
208665,2086650003MU,YES
208665,2086650807M9,YES
208665,20866509N4UC,YES
208665,2086650KB7C3,YES
208665,2086650L9GM9,YES
208667,20866702F7M9,YES
208667,20866706LBUC,YES
208667,2086670KJ1C3,YES
208667,2086670LPEMU,YES
208668,2086680807M9,YES
208668,2086680C9AM9,YES
208668,2086680CVTUC,YES
208668,2086680FWMLA,YES
208668,2086680YDCSP,YES
208669,2086690086M9,YES
208669,2086690807M9,YES
208669,2086690IPRM9,YES
208669,2086690KB7SP,YES
208669,2086690QGLUC,YES
208670,2086700003SP,YES
208670,2086700086C3,YES
208670,20867001EDM9,YES
208670,2086700284M9,YES
208670,20867002M2UC,YES
208671,20867102F7M9,YES
208671,2086710AOZSP,YES
208671,2086710J5GM9,YES
208671,2086710R80UC,YES
208672,2086720086LA,YES
208672,2086720807M9,YES
208672,20867208CQXW,YES
208672,2086720ZI9M9,YES
208673,208673009QSP,YES
208673,2086730807M9,YES
208673,2086730B3VXW,YES
208673,2086730HAMLA,YES
208674,208674009QUC,YES
208674,20867401EDLA,YES
208674,208674035JGC,YES
208674,2086740807M9,YES
208674,2086740C9AGC,YES
208675,208675009QC3,YES
208675,208675010AUC,YES
208675,2086750807M9,YES
208675,2086750PJPM9,YES
208676,208676009QM9,YES
208676,208676009QUC,YES
208676,2086760807M9,YES
208676,2086760L7QC3,YES
208677,2086770003MU,YES
208677,2086770807UC,YES
208677,2086770IPRUC,YES
208677,2086770L9GM9,YES
208677,2086770XW0SP,YES
208678,20867806LBKU,YES
208678,2086780J5G9O,YES
208678,2086780J5GHA,YES
208678,2086780J5GQT,YES
208678,2086780R81IR,YES
208679,2086790000HA,YES
208679,2086790DDBDG,YES
208679,2086790J5G9O,YES
208680,2086800807M9,YES
208680,2086800KB7QT,YES
208680,2086800OIT9O,YES
208680,2086800PJPIR,YES
208680,2086800PJPKU,YES
208681,2086810807KU,YES
208681,2086810807M9,YES
208681,2086810KB79O,YES
208681,2086810PJPGB,YES
208681,2086810PJPIR,YES
208683,20868301EDLA,YES
208683,208683079UM9,YES
208683,2086830807M9,YES
208683,2086830PJPC3,YES
208683,2086830YB7WJ,YES
208684,208684009QLA,YES
208684,20868400T7JR,YES
208684,208684035JM9,YES
208684,208684079UM9,YES
208684,2086840807M9,YES
208688,2086880003M9,YES
208688,2086880807AI,YES
208688,2086880DLDM9,YES
208688,2086880VK65X,YES
208689,2086890124UC,YES
208689,20868907ZLSP,YES
208689,2086890R80M9,YES
208689,2086890V6D5X,YES
208698,20869806LBM9,YES
208698,2086980EYR0F,YES
208698,2086980J5GUC,YES
208698,2086980KJ1C3,YES
208698,2086980OGAC3,YES
208702,20870200035Z,YES
208702,2087020807M9,YES
208702,2087020PJP5X,YES
208702,2087020ZI9M9,YES
208704,208704085K9K,YES
208704,2087040J5GIR,YES
208704,2087040NOAII,YES
208704,2087040W3J08,YES
208708,20870800869K,YES
208708,20870808074A,YES
208708,20870808079O,YES
208708,2087080D5108,YES
208708,2087080TUI9O,YES
208709,2087090807IR,YES
208709,2087090807Q3,YES
208709,2087090D5108,YES
208709,2087090OIT9O,YES
208709,2087090TUI9K,YES
208710,208710085KIR,YES
208710,2087100J5GKU,YES
208710,2087100LKS7O,YES
208710,2087100W3J08,YES
208711,208711031Z08,YES
208711,2087110J5GIR,YES
208711,2087110PEF7O,YES
208711,2087110W3JD6,YES
208712,20871200UCII,YES
208712,20871208079O,YES
208712,2087120900FQ,YES
208712,2087120EI708,YES
208714,20871400UCII,YES
208714,20871402M208,YES
208714,2087140ANS1T,YES
208714,2087140I4686,YES
208714,2087140REJD6,YES
208715,208715006JII,YES
208715,208715080S08,YES
208715,2087150I46D6,YES
208715,2087150RHL9O,YES
208716,2087160807IR,YES
208716,208716083WIR,YES
208716,2087160BLXUC,YES
208716,2087160D51Z0,YES
208716,2087160M9LUZ,YES
208717,2087170807IR,YES
208717,2087170BLXUC,YES
208717,2087170D51Z0,YES
208717,2087170M9LMT,YES
208718,20871801JZHP,YES
208718,20871802V7Z9,YES
208718,20871806HTIR,YES
208718,2087180BLXMG,YES
208718,2087180I46IR,YES
208719,2087190003IR,YES
208719,20871900Z3HP,YES
208719,20871902V7Z9,YES
208719,20871906HTZ0,YES
208719,2087190BLXMG,YES
208721,208721010A9O,YES
208721,2087210807IR,YES
208721,2087210FMPK2,YES
208723,20872308079O,YES
208723,2087230FWM3X,YES
208723,2087230SZJ70,YES
208723,2087230WR99O,YES
208726,20872600863X,YES
208726,2087260807IR,YES
208726,208726080SHA,YES
208726,2087260KB79O,YES
208728,20872800WM70,YES
208728,2087280807IR,YES
208728,2087280FMPK2,YES
208728,2087280SZJ9O,YES
208729,20872908079O,YES
208729,208729080SHA,YES
208729,2087290EX470,YES
208729,2087290KB7GB,YES
208730,20873000009O,YES
208730,208730084E70,YES
208730,2087300J5GGB,YES
208730,2087300NOAYK,YES
208731,20873107FF9O,YES
208731,20873108079O,YES
208731,208731080SHA,YES
208731,2087310FWM9O,YES
208732,2087320086HA,YES
208732,20873206AK9O,YES
208732,2087320807K2,YES
208732,2087320FWM9O,YES
208733,2087330000K2,YES
208733,2087330J5GGB,YES
208733,2087330LPE3X,YES
208733,2087330NOA70,YES
208734,2087340807M9,YES
208734,2087340KB7MU,YES
208734,2087340QFUWJ,YES
208734,2087340VK6C3,YES
208734,2087340WR9M9,YES
208735,208735001QSP,YES
208735,20873502F7M9,YES
208735,2087350DDBJR,YES
208735,2087350J5GWJ,YES
208736,208736001QLA,YES
208736,20873602F7M9,YES
208736,2087360DDBHE,YES
208736,2087360J5GWJ,YES
208737,2087370003IR,YES
208737,20873700Z3DP,YES
208737,20873702V7IR,YES
208737,20873706HT1P,YES
208737,2087370BLXHW,YES
208741,2087410086LA,YES
208741,2087410807M9,YES
208741,20874108CQXW,YES
208741,2087410PJPM9,YES
208742,2087420010LM,YES
208742,2087420EYRJQ,YES
208742,2087420GUAM9,YES
208742,2087420PEFUC,YES
208742,2087420V845X,YES
208767,2087670086HA,YES
208767,20876701EDHA,YES
208767,20876708079O,YES
208767,2087670AFO9O,YES
208768,2087680086HA,YES
208768,20876808079O,YES
208768,2087680IPAGB,YES
208768,2087680LHF70,YES
208769,20876908079O,YES
208769,2087690LHFHA,YES
208772,20877208079O,YES
208772,2087720EX49K,YES
208773,2087730000EZ,YES
208773,2087730000MT,YES
208773,2087730010N8,YES
208773,2087730J5GIR,YES
208774,2087740EPZW7,YES
208775,20877500869K,YES
208775,20877508079O,YES
208775,2087750EX4IR,YES
208776,208776009Q70,YES
208776,20877608079O,YES
208777,20877708079O,YES
208777,2087770PJP9O,YES
208778,2087780000KU,YES
208778,2087780000N8,YES
208778,2087780I20GP,YES
208778,2087780J5GIR,YES
208779,2087790003IR,YES
208779,20877907ZJQT,YES
208779,20877908079O,YES
208779,2087790OITU1,YES
208780,2087800003IR,YES
208780,208780071C70,YES
208780,20878008079O,YES
208780,2087800OY4KU,YES
208781,2087810000JO,YES
208782,208782009QHA,YES
208782,20878208079O,YES
208782,2087820KB7KU,YES
208782,2087820PJPIR,YES
208783,2087830086KU,YES
208783,208783009Q70,YES
208783,20878308079O,YES
208783,2087830807IR,YES
208783,2087830KB7KU,YES
208784,2087840086KU,YES
208784,20878402W8IR,YES
208784,20878408079O,YES
208784,2087840807QT,YES
208784,2087840HR370,YES
208785,208785005L08,YES
208785,208785035J3X,YES
208785,20878508079O,YES
208785,2087850IPRHA,YES
208785,2087850LHF9O,YES
208786,208786005L08,YES
208786,208786035JDG,YES
208786,20878608079O,YES
208786,2087860L7Q70,YES
208786,2087860SZJ70,YES
208787,20878701EDIR,YES
208787,2087870807IR,YES
208787,2087870HJV70,YES
208787,2087870MVU08,YES
208787,2087870SZJ70,YES
208788,208788005L08,YES
208788,2087880086HA,YES
208788,208788010AHA,YES
208788,20878808079O,YES
208788,2087880ZI908,YES
208792,2087920003IR,YES
208792,2087920AOZIR,YES
208792,2087920CTLQT,YES
208793,2087930ANSIR,YES
208793,2087930FT3QT,YES
208793,2087930L24IR,YES
208794,20879408079O,YES
208794,2087940KB79K,YES
208794,2087940PJPIR,YES
208795,2087950807IR,YES
208795,2087950EX4QT,YES
208795,2087950PJPIR,YES
208796,20879602W89O,YES
208796,2087960807IR,YES
208796,2087960EX4IR,YES
208796,2087960KB79K,YES
208797,20879700OX9K,YES
208797,208797038IIR,YES
208797,20879708079O,YES
208797,2087970EX4IR,YES
208798,2087980807IR,YES
208798,2087980KB7QT,YES
208798,2087980PJPIR,YES
208799,2087990807IR,YES
208799,2087990KAC9O,YES
208799,2087990KB7QT,YES
208800,2088000003IR,YES
208800,20880006LBU1,YES
208800,2088000R81KU,YES
208801,2088010003MI,YES
208801,20880106LBIR,YES
208801,2088010J5GUR,YES
208802,208802010A70,YES
208802,20880201EDIR,YES
208802,2088020KAC9O,YES
208802,2088020KB7IR,YES
208803,2088030003IR,YES
208803,2088030010KU,YES
208803,2088030J5G9O,YES
208806,2088060086HA,YES
208806,208806079UPR,YES
208806,20880608079O,YES
208806,2088060QFUHA,YES
208807,208807052AQR,YES
208807,2088070807HA,YES
208807,2088070TCB9O,YES
208809,20880908079O,YES
208809,2088090807HA,YES
208809,2088090EX4IR,YES
208809,2088090UHPIR,YES
208810,2088100ACI70,YES
208810,2088100HKZIR,YES
208810,2088100WR7IR,YES
208811,20881108079O,YES
208811,2088110HKZ3X,YES
208811,2088110NE69O,YES
208811,2088110WR7HA,YES
208812,20881201ED9O,YES
208812,2088120807PR,YES
208812,20881209N49O,YES
208812,2088120KB7HA,YES
208813,2088130807PR,YES
208813,20881309N49O,YES
208813,2088130ZI9HA,YES
208814,20881404FKHA,YES
208814,2088140807IR,YES
208814,2088140PPOIR,YES
208817,2088170086HA,YES
208817,20881708079O,YES
208817,2088170GBYHA,YES
208817,2088170JRI9O,YES
208821,2088210003IR,YES
208821,20882106HTJO,YES
208821,2088210PJPKU,YES
208823,2088230086HA,YES
208823,2088230807HA,YES
208823,208823080S9O,YES
208823,2088230LHFHA,YES
208824,2088240086HA,YES
208824,20882400WMHA,YES
208824,20882401ZXHA,YES
208824,20882408079O,YES
208825,2088250086HA,YES
208825,2088250807HA,YES
208825,208825080S9O,YES
208825,2088250FWMHA,YES
208826,20882604C370,YES
208826,2088260807IR,YES
208826,2088260QFUIR,YES
208827,20882701EDHA,YES
208827,20882708079O,YES
208827,2088270QFUM2,YES
208828,2088280086IR,YES
208828,20882808079O,YES
208828,2088280C19HA,YES
208828,2088280FWMHA,YES
208829,208829009Q9O,YES
208829,2088290EI79O,YES
208829,2088290FWMPR,YES
208830,2088300EI79O,YES
208830,2088300FWMHA,YES
208830,2088300MVU9O,YES
208831,2088310807IR,YES
208831,2088310807QT,YES
208831,2088310KB79O,YES
208831,2088310PJPIR,YES
208832,20883206C5QT,YES
208832,2088320807IR,YES
208832,2088320NLBIR,YES
208832,2088320REJ70,YES
208833,20883301EDQT,YES
208833,2088330807I8,YES
208833,2088330KB79O,YES
208833,2088330PJPIR,YES
208834,2088340FG4HA,YES
208834,2088340I46QT,YES
208834,2088340P5I9O,YES
208835,20883500039O,YES
208835,2088350R80L7,YES
208835,2088350YZ4IR,YES
208836,208836009QHA,YES
208836,20883601EDQT,YES
208836,2088360807I8,YES
208836,2088360KB79O,YES
208837,2088370003IR,YES
208837,2088370KJ1L7,YES
208837,2088370R809O,YES
208838,2088380807IR,YES
208838,2088380KB79O,YES
208838,2088380PJPIR,YES
208839,20883902M2KU,YES
208839,20883903MAQT,YES
208839,2088390ANSIR,YES
208839,2088390REJ70,YES
208840,208840009QQT,YES
208840,20884001EDIR,YES
208840,2088400807IR,YES
208840,2088400KB7KU,YES
208841,208841009QIR,YES
208841,2088410807IR,YES
208841,2088410FMPIR,YES
208841,2088410KB7QT,YES
208842,2088420807IR,YES
208842,2088420KB7QT,YES
208842,2088420PJPIR,YES
208847,2088470789QR,YES
208847,20884708079O,YES
208847,2088470KDXHA,YES
208848,2088480086HA,YES
208848,20884802LFTX,YES
208848,20884808079O,YES
208848,2088480PJP9O,YES
208849,2088490003IR,YES
208849,20884906LB9O,YES
208849,2088490J5G47,YES
208849,2088490J5GQT,YES
208850,20885006LBMT,YES
208850,2088500J5GD6,YES
208850,2088500V81IR,YES
208852,2088520086HA,YES
208852,208852009QHA,YES
208852,2088520807IR,YES
208852,2088520G3IUR,YES
208853,2088530086IR,YES
208853,20885308079O,YES
208853,2088530FWMHA,YES
208856,20885601EDKU,YES
208856,208856035J4S,YES
208856,2088560807IR,YES
208856,2088560WR970,YES
208860,20886001EDUR,YES
208860,2088600807IR,YES
208860,2088600JR9KU,YES
208860,2088600WR970,YES
208861,20886101ED9O,YES
208861,20886108079O,YES
208861,2088610JR9KU,YES
208861,2088610WR9HA,YES
208864,2088640086HA,YES
208864,20886408079O,YES
208864,2088640FWM3X,YES
208865,20886506AKI7,YES
208865,2088650807HA,YES
208865,2088650EED9O,YES
208865,2088650EX4HA,YES
208865,2088650QMJHA,YES
208866,2088660086HA,YES
208866,2088660807HA,YES
208866,208866080S9O,YES
208866,2088660PJPI7,YES
208867,2088670086HA,YES
208867,2088670573HA,YES
208867,2088670807HA,YES
208868,2088680086HA,YES
208868,20886808079O,YES
208868,2088680EX4HA,YES
208869,20886908079O,YES
208869,2088690FWMHA,YES
208869,2088690OFETP,YES
208870,2088700YCXI7,YES
208871,20887108079O,YES
208872,20887208079O,YES
208872,2088720KVIHA,YES
208872,2088720ZI99O,YES
208873,20887301ED9K,YES
208873,2088730807I8,YES
208873,2088730KB79O,YES
208873,2088730PJPIR,YES
208874,20887408079O,YES
208874,2088740QFUDG,YES
208874,2088740ZI9HA,YES
208875,2088750807IR,YES
208875,2088750KB7QT,YES
208875,2088750PJPIR,YES
208903,20890300103X,YES
208903,2089030AU23X,YES
208903,2089030J5GHA,YES
208909,2089090086HA,YES
208909,20890901NRLA,YES
208909,20890902T3HA,YES
208909,20890908079O,YES
208909,2089090QQKHA,YES
208912,2089120086HA,YES
208912,20891208079O,YES
208912,2089120PJP9O,YES
208914,2089140JBWGB,YES
208914,2089140PJP9O,YES
208916,20891607ZJ9O,YES
208916,2089160SRPPR,YES
208937,2089370J5GIR,YES
310269,3102690KB700,YES
310327,3103270C9A00,YES
310327,3103270PJP00,YES
310328,3103280FMP00,YES
310328,3103280PJP00,YES
